SALES_ID,SALES_DATE,CUSTOMER_ID,PRODUCT,CATEGORY,CITY,QUANTITY,SALES_AMOUNT
S0001,2026-01-05,C001,Laptop,Electronics,Bangalore,2,120000
S0002,2026-01-08,C002,Mouse,Accessories,Mumbai,5,5000
S0003,2026-01-12,C003,Keyboard,Accessories,Delhi,3,9000
S0004,2026-01-18,C004,Monitor,Electronics,Bangalore,2,36000
S0005,2026-01-25,C005,Headphones,Accessories,Chennai,4,12000
S0006,2026-02-03,C001,Laptop,Electronics,Bangalore,1,60000
S0007,2026-02-07,C006,Keyboard,Accessories,Mumbai,6,18000
S0008,2026-02-14,C007,Monitor,Electronics,Delhi,3,54000
S0009,2026-02-20,C008,Mouse,Accessories,Chennai,8,8000
S0010,2026-02-27,C009,Laptop,Electronics,Hyderabad,2,120000
S0011,2026-03-04,C002,Headphones,Accessories,Mumbai,5,15000
S0012,2026-03-09,C010,Monitor,Electronics,Bangalore,4,72000
S0013,2026-03-15,C003,Laptop,Electronics,Delhi,1,60000
S0014,2026-03-21,C005,Keyboard,Accessories,Chennai,7,21000
S0015,2026-03-28,C011,Mouse,Accessories,Hyderabad,10,10000
S0016,2026-04-02,C004,Laptop,Electronics,Bangalore,3,180000
S0017,2026-04-10,C006,Monitor,Electronics,Mumbai,2,36000
S0018,2026-04-16,C012,Headphones,Accessories,Delhi,6,18000
S0019,2026-04-22,C007,Keyboard,Accessories,Chennai,5,15000
S0020,2026-04-29,C008,Laptop,Electronics,Hyderabad,2,120000
S0021,2026-05-05,C009,Monitor,Electronics,Bangalore,3,54000
S0022,2026-05-11,C010,Mouse,Accessories,Mumbai,12,12000
S0023,2026-05-18,C001,Laptop,Electronics,Delhi,2,120000
S0024,2026-05-24,C011,Headphones,Accessories,Chennai,8,24000
S0025,2026-05-30,C012,Keyboard,Accessories,Hyderabad,6,18000
S0026,2026-06-06,C003,Laptop,Electronics,Bangalore,1,60000
S0027,2026-06-13,C005,Monitor,Electronics,Mumbai,4,72000
S0028,2026-06-19,C007,Mouse,Accessories,Delhi,9,9000
S0029,2026-06-25,C009,Headphones,Accessories,Chennai,7,21000
S0030,2026-06-29,C002,Laptop,Electronics,Hyderabad,3,180000
